{
  "theme": null,
  "themes": {
    "mode": "light",
    "light": {
      "name": "Default Light Theme",
      "url": null,
      "description": "Logseq default light theme.",
      "mode": "light",
      "selected": true,
      "group-first": true,
      "group-desc": "light themes"
    },
    "dark": null
  },
  "externals": [],
  "pinnedToolbarItems": [
    "logseq-journals-calendar:goto-today",
    "logseq-journals-calendar:open-calendar",
    "logseq-plugin-weekdays-and-weekends:Weekdays-and-Holidays"
  ]
}
