{
  "": "",
  "switchMainSub": false,
  "switchAlertDay": "Mon",
  "switchMainTemplateName": "Main-Template",
  "switchSubTemplateName": "Sub-Template",
  "switchSetTemplate": "",
  "switchHolidays": false,
  "switchHolidaysTemplateName": "Holidays-Template",
  "switchHolidaysCountry": "US: United States of America",
  "switchHolidaysState": "",
  "switchHolidaysRegion": "",
  "switchPrivate": false,
  "selectPrivateDays": false,
  "switchPrivateTemplateName": "Holidays-Template",
  "switchWorkingOnHolidays": false,
  "selectWorkingOnHolidays": false,
  "selectWorkingOnHolidaysSetTemplate": true,
  "switchWorkingOnHolidaysTemplateName": "Main-Template",
  "disabled": false
}