{
  "main": {
    "id": "57350a7300739693",
    "type": "split",
    "children": [
      {
        "id": "9ab438fd8a24aa84",
        "type": "tabs",
        "children": [
          {
            "id": "3ffd393e2038f2ba",
            "type": "leaf",
            "pinned": true,
            "state": {
              "type": "markdown",
              "state": {
                "file": "Start Here.md",
                "mode": "source",
                "source": false
              },
              "pinned": true,
              "icon": "lucide-file",
              "title": "Start Here"
            }
          }
        ]
      }
    ],
    "direction": "vertical"
  },
  "left": {
    "id": "482dbfc8249df7ef",
    "type": "split",
    "children": [
      {
        "id": "06c9f5c227506aea",
        "type": "tabs",
        "children": [
          {
            "id": "76bea7c869679cdf",
            "type": "leaf",
            "state": {
              "type": "file-explorer",
              "state": {
                "sortOrder": "alphabetical"
              },
              "icon": "lucide-folder-closed",
              "title": "Files"
            }
          },
          {
            "id": "934c283a4c36e22f",
            "type": "leaf",
            "state": {
              "type": "search",
              "state": {
                "query": "",
                "matchingCase": true,
                "explainSearch": false,
                "collapseAll": false,
                "extraContext": false,
                "sortOrder": "alphabetical"
              },
              "icon": "lucide-search",
              "title": "Search"
            }
          },
          {
            "id": "212e2827678425e3",
            "type": "leaf",
            "state": {
              "type": "bookmarks",
              "state": {},
              "icon": "lucide-bookmark",
              "title": "Bookmarks"
            }
          }
        ]
      },
      {
        "id": "b8bf57682cabe694",
        "type": "tabs",
        "children": [
          {
            "id": "b2cb2ab0727543da",
            "type": "leaf",
            "pinned": true,
            "state": {
              "type": "graph",
              "state": {},
              "pinned": true,
              "icon": "lucide-git-fork",
              "title": "Graph view"
            }
          }
        ]
      }
    ],
    "direction": "horizontal",
    "width": 300
  },
  "right": {
    "id": "85c2ccec0710f5fb",
    "type": "split",
    "children": [
      {
        "id": "eda674f765a7e704",
        "type": "tabs",
        "children": [
          {
            "id": "2c260555397f0888",
            "type": "leaf",
            "state": {
              "type": "backlink",
              "state": {
                "file": "Start Here.md",
                "collapseAll": false,
                "extraContext": false,
                "sortOrder": "alphabetical",
                "showSearch": false,
                "searchQuery": "",
                "backlinkCollapsed": false,
                "unlinkedCollapsed": true
              },
              "icon": "links-coming-in",
              "title": "Backlinks for Start Here"
            }
          },
          {
            "id": "add986ec6254af37",
            "type": "leaf",
            "state": {
              "type": "outgoing-link",
              "state": {
                "file": "Start Here.md",
                "linksCollapsed": false,
                "unlinkedCollapsed": true
              },
              "icon": "links-going-out",
              "title": "Outgoing links from Start Here"
            }
          },
          {
            "id": "09a81986514333f0",
            "type": "leaf",
            "state": {
              "type": "tag",
              "state": {
                "sortOrder": "frequency",
                "useHierarchy": false
              },
              "icon": "lucide-tags",
              "title": "Tags"
            }
          },
          {
            "id": "46b6cd30e3a398a6",
            "type": "leaf",
            "state": {
              "type": "outline",
              "state": {
                "file": "Start Here.md"
              },
              "icon": "lucide-list",
              "title": "Outline of Start Here"
            }
          },
          {
            "id": "faaef9cb314829ee",
            "type": "leaf",
            "state": {
              "type": "calendar",
              "state": {},
              "icon": "calendar-with-checkmark",
              "title": "Calendar"
            }
          }
        ],
        "currentTab": 2
      }
    ],
    "direction": "horizontal",
    "width": 300
  },
  "left-ribbon": {
    "hiddenItems": {
      "switcher:Open quick switcher": false,
      "graph:Open graph view": false,
      "canvas:Create new canvas": false,
      "daily-notes:Open today's daily note": false,
      "templates:Insert template": false,
      "command-palette:Open command palette": false,
      "workspaces:Manage workspace layouts": false,
      "obsidian-read-it-later:ReadItLater: Save clipboard": false,
      "obsidian-excalidraw-plugin:Create new drawing": false
    }
  },
  "active": "3ffd393e2038f2ba",
  "lastOpenFiles": [
    "1594812879073.jpeg",
    "Start Here.md",
    "Research Workspace.md",
    "Tags.md",
    "vault.md",
    "Behavioral Ecology Concepts.md",
    "Obsidian.md",
    "Research Projects/Project Two.md",
    "Research Projects/Project One.md",
    "Untitled.canvas",
    "Callout.md",
    "monkparakeet.jpeg",
    "Invasive Parakeet in Europe.md",
    "monkparakeet.jpeg.crdownload",
    "Pasted image 20241120184026.png",
    "RingNecked_juvie.jpg",
    "thousandsofr.jpg",
    "thousandsofr.jpg.crdownload",
    "Foraging Strategies.md",
    "Foraging Types.md",
    "Templates/Weekly Review.md",
    "2024-11-20.md",
    "Plugins.md",
    "Resources.md",
    "PhD.md",
    "Templates/Meeting Template.md",
    "Templates/Freewriting.md",
    "Research Project.md",
    "Research Projects",
    "ReadItLater Inbox/Introduction to the Zettelkasten Method.md",
    "ReadItLater Inbox/assets/2020-08-07_the-archive-zettel.png",
    "ReadItLater Inbox/assets/2020-07-30-struktur.png",
    "ReadItLater Inbox/assets/20201027155152_models-overview.png",
    "ReadItLater Inbox/assets/20200703153325_semilattice.png",
    "ReadItLater Inbox/assets/2020-07-30-struktur_graph.png",
    "ReadItLater Inbox/assets/complete-zettel.png",
    "ReadItLater Inbox/assets",
    "ReadItLater Inbox/Note 2024-11-18 18-41-45.md",
    "ReadItLater Inbox",
    "About Templates.md",
    "Templates",
    "Callouts.md"
  ]
}